DestinationPort,FlowDurationMs,TotalFwdPackets,TotalLenFwdPackets,FwdPacketLenMax,FwdPacketLenMin,FwdPacketLenMean,FwdPacketLenStd,BwdPacketLenMax,BwdPacketLenMin,BwdPacketLenMean,BwdPacketLenStd,FlowBytesPerSec,FlowPacketsPerSec,FlowIATMean,FlowIATStd,FlowIATMax,FlowIATMin,FwdIATTotal,FwdIATMean,FwdIATStd,FwdIATMax,FwdIATMin,BwdIATTotal,BwdIATMean,BwdIATStd,BwdIATMax,BwdIATMin,FINFlagCount,PSHFlagCount,ACKFlagCount,InitWinBytesFwd,InitWinBytesBwd,AveragePacketSize
80,56.78520559074629,2,83,50,40,41.59161337413296,3.2223942163739094,0,0,0,0,1461.6483137911837,35.2204412961731,28392.602795373143,1113.6026727024928,55541.903114306086,0.1495095155974352,56785.205590746285,28392.602795373143,1682.2793004900702,35985.08713479305,3.405076321509023,0,0,0,0,0,0,0,1,1827,0,41.59161337413296
80,35.91128171293121,15,756,67,40,50.41671888663504,4.470884587484393,0,0,0,0,21051.880187494775,417.69603546616617,2394.085447528748,123.02333477124823,3346.602255809735,1.3888951153099134,35911.28171293122,2394.085447528748,279.77619896692886,4647.615638434163,3.3287271688206004,0,0,0,0,0,0,0,0,664,0,50.41671888663504
80,6.121599258777424,4,176,56,40,44.143204516750075,3.165883497195326,0,0,0,0,28750.65690516139,653.4240205718498,1530.399814694356,244.22433781074878,2406.620677218842,0.07781092720779981,6121.599258777424,1530.399814694356,229.10141636077918,2775.112558002435,2.7370140568907484,0,0,0,0,0,0,0,0,1228,0,44.143204516750075
53,55.84103495505966,12,604,70,40,50.36946054335263,0.6309898838564427,0,0,0,0,10816.418436479436,214.89573052608154,4653.419579588305,194.8921632595949,6994.330760919425,4.13786448041335,55841.034955059666,4653.419579588305,354.11602595800224,6455.719283626922,4.387633121434057,0,0,0,0,0,0,0,0,1774,0,50.36946054335263
443,81.89425196447664,2,102,59,40,51.182910864029076,0.07692566716149063,0,0,0,0,1245.50865968279,24.421738425152746,40947.12598223832,5046.501376036576,75892.32962528616,2.2971769588593505,81894.25196447664,40947.12598223832,922.8663122406662,50314.0559569803,0.6468456978033332,0,0,0,0,0,0,0,0,962,0,51.182910864029076
53,17.698626995965796,13,664,69,40,51.12186156671587,6.050501653673504,0,0,0,0,37517.034522019785,734.5202541961704,1361.4328458435227,140.36077510055438,1726.0179388727117,2.4838484280881037,17698.626995965795,1361.4328458435227,51.421396586486395,2608.994854713183,4.054717452424269,0,0,0,0,0,0,0,1,2026,0,51.12186156671587
80,73.35226172478598,12,610,52,40,50.87423788926108,7.764543811984227,0,0,0,0,8316.035329472043,163.5941376289582,6112.688477065498,667.2508311933709,9618.843874476788,0.5612690590784741,73352.26172478597,6112.688477065498,745.0315794013857,10548.851634664928,0.9340008987741694,0,0,0,0,0,0,0,1,1967,0,50.87423788926108
80,29.024510260109643,13,689,55,40,53.004821489716235,7.506363961091091,0,0,0,0,23738.557302961268,447.8973076030428,2232.6546353930494,302.5413953024122,2980.222596556406,0.9588079552496415,29024.510260109644,2232.6546353930494,204.9703039475992,3445.692532323475,4.344872938534702,0,0,0,0,0,0,0,0,1345,0,53.004821489716235
53,36.21276274050111,9,372,69,40,41.4341791525303,4.975520611868662,0,0,0,0,10272.62135909745,248.53116191364794,4023.640304500124,363.74029258056873,7122.473531529625,0.9417676211014214,36212.762740501115,4023.640304500124,793.1897574759524,6914.836157198963,2.4088692345297154,0,0,0,0,0,0,0,0,1888,0,41.4341791525303
15550,26.97672710644482,3,132,60,40,52.453624530426666,1.4936812938696087,0,0,0,0,4893.106546214971,111.20696695943116,8992.24236881494,0,26976.727106444818,0,26976.727106444818,8992.24236881494,0,26976.727106444818,0,0,0,0,0,0,0,0,0,4119,0,43.36784747047119
56874,28.35779811547835,2,116,60,40,48.588443017937394,1.3863905154279226,0,0,0,0,4090.585578175919,70.52733755475722,14178.899057739174,0,28357.79811547835,0,28357.79811547835,14178.899057739174,0,28357.79811547835,0,0,0,0,0,0,0,0,0,1478,0,59.068431199949266
31924,24.673302707988913,2,86,60,40,51.74304847613986,3.873768479308347,0,0,0,0,3485.5487738232246,81.05927380984244,12336.651353994457,0,24673.302707988914,0,24673.302707988914,12336.651353994457,0,24673.302707988914,0,0,0,0,0,0,0,0,0,7655,0,48.549853438628354
63717,22.94308227439696,3,174,60,40,47.293239890607595,4.791544409192097,0,0,0,0,7583.9853564127725,130.75836821401333,7647.694091465654,0,22943.082274396962,0,22943.082274396962,7647.694091465654,0,22943.082274396962,0,0,0,0,0,0,1,0,0,6316,0,47.627709308012605
60254,28.791030824795232,3,150,60,40,58.36793124915202,2.9849192318043603,0,0,0,0,5209.955868298329,104.19911736596659,9597.010274931743,0,28791.03082479523,0,28791.03082479523,9597.010274931743,0,28791.03082479523,0,0,0,0,0,0,0,0,0,4185,0,54.207340558121665
36663,44.67254208896978,3,147,60,40,44.83735642347537,1.7010937143651566,0,0,0,0,3290.6119313119675,67.15534553697893,14890.847362989925,0,44672.54208896978,0,44672.54208896978,14890.847362989925,0,44672.54208896978,0,0,0,0,0,0,0,0,0,6673,0,59.376608038257906
3457,8.992825265547326,2,120,60,40,52.78174273507096,3.888640397737592,0,0,0,0,13343.971049869664,222.39951749782773,4496.412632773663,0,8992.825265547326,0,8992.825265547326,4496.412632773663,0,8992.825265547326,0,0,0,0,0,0,1,0,0,3134,0,58.42255056043378
59488,12.917608244314916,3,171,60,40,53.94424473301514,1.587683848882064,0,0,0,0,13237.74469435994,232.24113498877088,4305.869414771639,0,12917.608244314917,0,12917.608244314917,4305.869414771639,0,12917.608244314917,0,0,0,0,0,0,0,0,0,1475,0,50.40806740904786
19975,20.92969219295972,3,150,60,40,47.298677918699596,2.2021290526344344,0,0,0,0,7166.851696483937,143.33703392967874,6976.564064319907,0,20929.69219295972,0,20929.69219295972,6976.564064319907,0,20929.69219295972,0,0,0,0,0,0,0,0,0,4312,0,53.29689572078179
45962,7.219540361636141,2,82,60,40,49.7053844944651,2.884993302058174,0,0,0,0,11358.063795271393,277.02594622613157,3609.7701808180705,0,7219.540361636141,0,7219.540361636141,3609.7701808180705,0,7219.540361636141,0,0,0,0,0,0,0,0,0,3648,0,42.64085659631241
22,319.23655550397837,7,507,137,60,72.50808253259997,22.812875381116008,73,55,98.6642443813215,22.077796249843804,2826.159910882268,34.45720676516608,29021.50504581622,3777.442536553985,69156.29724074222,9.978746601448059,191541.93330238704,31923.65555039784,7621.396402912738,47277.491628038384,26.67486051050125,127694.62220159137,26119.354541234596,8507.357385837091,70763.82670211553,33.001313117655656,1,1,1,14491,14171,85.58616345696073
8080,13367.224922113808,45,58506,1319,458,1300.1489160687831,177.84123931856556,1042,210,401.7509524173882,177.54857466250502,4947.920731819829,4.787829962681547,208862.88940802825,126383.16855122938,1959020.3348125366,166.33232128308595,9357057.445479665,271521.75623043673,112109.07106351854,1547488.3208286858,148.30246491506685,6683612.461056904,229749.1783488311,280932.551208125,1589421.3291982643,266.8960514201036,1,1,1,65535,27888,850.9499342430856
8080,9027.676042451152,48,30113,1372,378,627.3632578074607,290.77138922853396,645,275,491.5850173397668,104.24809109372963,3716.8515283835904,6.092376348173285,164139.56440820277,174377.8897541443,776403.4943216535,53.264009568479906,6319373.229715806,213381.43373066362,245718.85312484798,961661.8489397421,358.4893040983216,4513838.021225576,180553.52084902307,229473.80218603392,1008267.0532860984,125.65349661764222,1,1,1,65535,65352,559.4741375736138
8000,12052.491392534967,16,15753,1443,496,984.5875330158866,258.4551092668242,742,164,642.9512949777013,129.9757725463338,2160.600692403428,2.6550527154759105,376640.3560167177,264941.2910537572,3652590.4726110455,271.60501181294774,8436743.974774476,489632.462821733,374300.0035265705,3639034.6293071443,135.1761743282419,6026245.696267483,414304.39161838946,214458.68236965037,2276432.26207581,465.07522138868535,1,1,1,65535,45547,813.7694139967939
80,3235.2407145571806,25,27461,1385,431,1098.4433241517554,256.83633260940053,426,297,622.1620449652884,257.6883011803876,13103.49860281209,15.145704546657454,66025.32070524858,129085.54329372564,300955.4231578803,246.69552187245807,2264668.500190026,85832.91691682316,94450.42728118793,463942.03777163767,343.8310235486638,1617620.3572785903,72627.85277577344,29569.0373089907,290950.5999892212,232.91241553982195,1,1,1,65535,35710,860.3026845585218
80,8204.75708573557,14,10275,1153,416,733.9420099701124,235.8993684681014,642,227,681.4230900293448,276.06521368173276,1916.7627628071843,2.6813712788948054,372943.50389707135,462288.98779929656,2259194.8564037364,258.8260746790261,5743329.960014898,484826.55506619276,534035.1755566988,1694563.0792419387,156.99932343447085,4102378.542867785,410237.85428677854,489491.1184734765,1394617.989684596,63.81210175012958,1,1,1,65535,55985,707.6825499997286
80,13211.262163656083,28,14418,1450,237,514.9373254503291,268.8008822539816,463,182,498.2986394617251,294.6570010775861,2109.7384968070614,4.1631147212643995,240204.7666119288,308090.89746668894,2160206.1146844015,110.41672479779105,9247883.514559258,312266.19659550744,337117.3901613591,1041583.9169543751,102.6740417908926,6605631.081828042,264225.2432731217,264623.87384909566,892877.1022453279,368.6398654027574,1,1,1,65535,59851,506.6179824560271
80,3346.5902383905714,53,22686,1231,473,428.04015767483526,241.55926325049955,819,292,772.8306350850431,207.98569159214597,9319.116808785111,19.123942712143517,52290.47247485268,74899.85876474672,491728.00622184394,353.92648740207704,2342613.1668733996,67977.61421730848,84343.15034100121,259596.0532684324,405.67379461830853,1673295.1191952857,57519.51972233795,30636.56948605508,192144.49583221576,377.77357905331814,1,1,1,65535,22657,600.4353963799392
8080,3289.5983301106253,28,23853,1339,358,851.9182637436741,262.7298650871967,938,289,726.5805341156731,103.4512056168647,11668.695754063532,14.591447095726673,68533.29854397137,57585.01233020036,434089.1002311089,295.33524877511877,2302718.8310774374,89093.28810716278,39782.70252779721,399397.00823996315,457.6773316470035,1644799.1650553127,75386.62839836851,55024.2516980974,355546.9552906556,216.41386901164856,1,1,1,65535,51299,789.2493989296736
80,13215.074535827118,23,24710,1384,314,1074.3705592505316,251.89903921797517,525,142,492.17369212469356,131.83438737428952,2242.3074273000693,2.4971482310246813,400456.80411597324,231383.62999033878,2176517.575865402,411.98177671960207,9250552.17507898,520593.8453507652,398826.7338202935,3716925.99296449,259.1916375525035,6607537.2679135585,440502.4845275706,424349.33959400817,1702150.2064517585,100.99110892484497,1,1,1,65535,19248,783.2721256876126
8000,2012.0393903223357,16,16142,1200,482,1008.9120824690789,289.998256546592,596,215,348.16532587973813,196.54880513868,12695.107879655428,21.371350981906595,46791.61372842641,92867.29166905387,306623.9465164524,76.5616703828839,1408427.5732256349,60829.09784695433,53024.698636850546,279426.64344382007,193.27680315445502,1006019.6951611679,51470.77510126906,48205.148405165135,358435.7510563603,367.726148124833,1,1,1,65535,22354,678.5387041744085
4444,43029.633928303934,12,1215,410,113,101.26411352950655,70.7196720164826,788,225,708.3805286951343,161.57215009184688,110.55339243080695,0.3950765657994078,6095864.806509724,784910.3049652921,44143597.26270806,796.3929209664539,34423707.142643146,3585802.827358661,558493.011150124,5667244.139624582,2754092.1121977502,30120743.749812752,8605926.785660787,2657027.639370089,35453433.41865267,529.7590545900563,0,1,1,18467,42784,404.8223211123204
8443,19907.602528770654,15,4519,331,92,301.29984430035626,23.836326960798313,817,321,417.5944115311174,195.5630985471762,310.93022385212623,0.9544092500611775,3152037.067055354,366108.78494532744,19602459.419713695,114.99259159194312,15926082.023016525,1327173.5019180437,67794.07571988647,3557521.500912781,787512.3912499154,13935321.770139458,4976900.632192664,1280090.9714721055,23627733.040002543,4202.243264470483,1,1,1,30673,8219,359.4471279157368
4444,15798.177010965377,14,4989,392,88,356.42830919836564,71.22231140427327,1036,327,784.9965932516492,197.28462069176362,1259.9511694762386,2.0888486043101673,979962.1078230403,372088.7016646877,4882435.856881004,724.2701086968688,12638541.608772302,1128441.2150689554,167862.24608050066,2076932.4835285284,951046.0509445299,11058723.907675764,831483.0005771251,313835.50259645307,3867970.679624698,2260.543138948691,1,1,1,21067,9837,570.7124512250074
8443,36343.05436259875,21,2274,468,149,108.32269301180844,23.37576874900453,784,367,882.2602223059333,151.0503857819532,256.79895362069635,0.7979516446433954,3136751.715819535,346838.9227179064,20991798.107398268,882.9032493952019,29074443.490079,1730621.636314226,252729.70805051038,4204279.8497998,1247180.0363797736,25440138.05381912,4542881.795324843,613129.6767038448,24657226.877881855,4305.522878320367,0,1,1,10119,39133,495.29145765887085
443,58800.76544364277,21,3790,473,100,180.5172641435695,63.334869189813105,637,247,377.5337575602026,97.20037453467307,141.51631488050708,0.5612171840114675,3850050.1183337527,1152464.6576323332,34927628.42338479,428.62643006313465,47040612.35491422,2800036.4496972747,388190.61630528176,4458975.425316635,1639564.1275933294,41160535.81054994,4900063.786970231,1580298.5546236427,27651940.31795647,3418.39645413166,1,1,1,30323,64519,279.02551085188605
8443,58144.85107892385,5,754,367,135,150.98522511651674,75.79897664871156,1163,230,749.0476924327436,98.23210490967449,154.69040810052127,0.27517483840971824,8457432.884207105,3281769.0498469826,42193588.90433351,124.13431503117678,46515880.863139085,11628970.21578477,1160317.0670284866,25182684.150030687,8873176.095610097,40701395.75524669,5285895.552629441,700332.3358411572,29373946.269370142,795.3792439995668,0,1,1,27009,23705,450.01645877463017
8443,17281.593513750024,12,2083,441,115,173.61013050987626,21.394197008698068,1110,218,776.2147424748646,176.6868882953475,839.2025558393844,1.6202209580801632,1260116.1937109393,300766.56474767614,4633955.119041465,930.5213300605448,13825274.81100002,1440132.792812502,144605.11478367727,2977758.3643823,1198176.1791175194,12097115.459625017,1080099.5946093765,129253.4868264663,3665576.2632314633,2467.185368159635,1,1,1,30567,32691,474.91243649237043
8443,39093.176972620866,7,2672,485,117,381.76197567416955,46.268890260107355,773,251,510.3402800394683,228.10154465082192,172.7937352025873,0.3836986697321974,5235693.3445474375,2537299.17002407,14916515.692417393,709.7429553799864,31274541.578096695,5584739.567517267,507060.47618740966,12701577.816453958,4357893.662229718,27365223.880834606,4886647.121577608,1335934.0817194958,27529685.741011716,2576.1349184608,0,1,1,25218,11051,446.05112785681894
53,15.664522744719534,7,351,56,40,50.18029597184642,2.6744365049788374,0,0,0,0,22407.321673322036,446.8696630007244,2237.788963531362,46.83933602909255,3538.023628656862,2.7174193287110815,15664.522744719534,2237.788963531362,382.1260003052792,3279.784037982117,1.3537061356686757,0,0,0,0,0,0,0,0,662,0,50.18029597184642
443,23.467842251355865,15,636,68,40,42.45868483592918,3.1321968788940016,0,0,0,0,27100.915081498588,639.1725255070422,1564.5228167570576,6.9860484439640524,2265.4512962918816,4.547557821980112,23467.842251355865,1564.5228167570576,297.8729800491355,2869.453182779093,2.1466947402813337,0,0,0,0,0,0,0,1,845,0,42.45868483592918
80,31.09382437401547,11,646,58,40,58.78962171824939,3.0155969717775353,0,0,0,0,20775.829702693314,353.7679980334775,2826.711306728679,43.9358021950734,3933.8970606976977,1.736976150596794,31093.82437401547,2826.711306728679,547.2517832779687,3452.329448254441,4.928003634318232,0,0,0,0,0,0,0,1,1398,0,58.78962171824939
53,58.81590671617235,9,502,56,40,55.81297099055364,3.5101823007913806,0,0,0,0,8535.106028756796,153.01982920081906,6535.100746241373,793.3249373845008,8015.6251401975405,3.36211153287292,58815.90671617235,6535.100746241373,1179.8705723226255,9552.19801086353,0.2563058751402164,0,0,0,0,0,0,0,1,1364,0,55.81297099055364
53,5.316098282728031,15,824,52,40,54.99330363131391,1.8581183485558173,0,0,0,0,155000.89655550025,2821.6182625394463,354.40655218186873,36.92958565780957,502.50379451858936,3.1776997121922763,5316.098282728031,354.40655218186873,29.83515687302479,619.3188597567537,2.668644990909396,0,0,0,0,0,0,0,0,1677,0,54.99330363131391
80,65.53081168728845,10,431,57,40,43.11217783503501,2.8331115370586195,0,0,0,0,6577.058774378109,152.5999715632972,6553.081168728845,325.3859800791169,12095.293842058896,3.002559343813637,65530.81168728845,6553.081168728845,1077.1474804140537,10202.072541577756,3.118886938651161,0,0,0,0,0,0,0,0,780,0,43.11217783503501
80,32.45808586851292,6,336,57,40,56.15504361166234,6.6637017620638535,0,0,0,0,10351.811914021348,184.85378417895265,5409.6809780854865,358.429959799431,7309.159672421377,0.8320274638441733,32458.085868512917,5409.6809780854865,921.3871360570099,7678.492289087893,1.0950536001814175,0,0,0,0,0,0,0,0,1206,0,56.15504361166234
80,29.01744650808715,2,88,60,40,44.167097435492025,5.590718311065705,0,0,0,0,3032.6583000842074,68.92405227464108,14508.723254043576,1587.7089821910743,20310.48861388298,2.22347459557736,29017.446508087152,14508.723254043576,1595.7753554058959,21827.410065197822,4.733893110111913,0,0,0,0,0,0,0,0,1311,0,44.167097435492025
24712,7.281843304334878,2,88,60,40,52.90957897624018,4.061713211219471,0,0,0,0,12084.85218950175,274.6557315795852,3640.921652167439,0,7281.843304334878,0,7281.843304334878,3640.921652167439,0,7281.843304334878,0,0,0,0,0,0,0,0,0,7640,0,51.22469760659922
41730,10.767229062118389,2,84,60,40,51.43660434759461,1.859661759823212,0,0,0,0,7801.450077395632,185.74881136656268,5383.614531059195,0,10767.22906211839,0,10767.22906211839,5383.614531059195,0,10767.22906211839,0,0,0,0,0,0,0,0,0,7473,0,59.280831637460466
52548,34.493969909584024,3,132,60,40,58.237254517857046,2.3430478848854857,0,0,0,0,3826.755816915242,86.97172311171005,11497.989969861343,0,34493.969909584026,0,34493.969909584026,11497.989969861343,0,34493.969909584026,0,0,0,0,0,0,0,0,0,6648,0,46.74839717195201
28888,47.687411060938885,2,96,60,40,50.31044027577816,4.4731439170878575,0,0,0,0,2013.109914424235,41.93978988383823,23843.705530469444,0,47687.41106093889,0,47687.41106093889,23843.705530469444,0,47687.41106093889,0,0,0,0,0,0,1,0,0,4382,0,59.89405201302233
40954,21.52865566703086,2,98,60,40,53.62051802417905,3.8182651979102293,0,0,0,0,4552.072433862088,92.89943742575689,10764.32783351543,0,21528.65566703086,0,21528.65566703086,10764.32783351543,0,21528.65566703086,0,0,0,0,0,0,1,0,0,3482,0,51.24135857670151
28433,42.432066405703,2,96,60,40,41.556469853021035,2.7782529656535635,0,0,0,0,2262.439898215688,47.134164546160164,21216.0332028515,0,42432.066405703,0,42432.066405703,21216.0332028515,0,42432.066405703,0,0,0,0,0,0,0,0,0,5303,0,45.90139680357563
61584,45.654091462086356,1,47,60,40,54.12103080880688,4.414038379555859,0,0,0,0,1029.4805677828756,21.90384186772076,45654.091462086355,0,45654.091462086355,0,45654.091462086355,45654.091462086355,0,45654.091462086355,0,0,0,0,0,0,1,0,0,5703,0,48.01320142663943
29594,13.350611412896981,3,126,60,40,49.46762370003862,0.608523511732732,0,0,0,0,9437.770009415544,224.70880974798914,4450.203804298994,0,13350.611412896982,0,13350.611412896982,4450.203804298994,0,13350.611412896982,0,0,0,0,0,0,1,0,0,5654,0,45.17182325301159
41041,47.76340498100847,1,52,60,40,57.254477030794476,2.431816851326558,0,0,0,0,1088.6996021467914,20.93653081051522,47763.40498100847,0,47763.40498100847,0,47763.40498100847,47763.40498100847,0,47763.40498100847,0,0,0,0,0,0,0,0,0,7396,0,59.71918625965455
28180,30.954200498367904,1,60,60,40,47.62711275109164,3.9304200939521956,0,0,0,0,1938.3475920550288,32.30579320091715,30954.200498367903,0,30954.200498367903,0,30954.200498367903,30954.200498367903,0,30954.200498367903,0,0,0,0,0,0,0,0,0,4932,0,59.84379191443577
22,293.5510824854493,7,646,139,55,92.39013285405463,13.183908496061193,97,53,65.11900212135251,16.26540482217794,2868.624871734821,34.0656212722216,29355.108248544926,3689.5758124858958,59065.02140070367,26.378601756925452,176130.64949126955,32290.619073399423,5986.4936380783565,67535.29670335297,35.5791091687808,117420.43299417972,26419.597423690433,4147.220483408436,63368.92421742953,37.03158978520614,1,1,1,13627,13925,78.75456748770357
22,377.8574259966588,7,590,117,50,84.35427268638796,13.467568819382294,84,40,88.67658940533306,10.575397437918792,2501.4362598087614,29.111509376812588,34350.67509060534,5363.502607305935,78509.88232426072,43.14195445052522,226714.4555979953,37785.74259966588,3766.3517173809096,66674.22341118444,45.73081830185563,151142.9703986635,30915.60758154481,5516.132392522291,72523.37870284227,9.843961339867759,1,1,1,11940,11851,86.51543104586051
22,349.1530407745612,8,730,118,40,91.25031271291314,6.811491010859406,63,58,71.08208287810574,8.608952336732544,2701.5338266713043,31.50480939704147,31741.185524960107,8322.98483874061,60533.23030148991,43.97756723564862,209491.8244647367,34915.30407745612,3561.7204772223145,53726.598126314486,35.07134640795201,139661.21630982446,28567.066972464097,4755.253300691718,69725.34521004173,44.52152456525421,1,1,1,12675,9798,81.16619779550945
22,319.8754918689392,7,404,111,43,57.81764485788493,16.794792976643787,113,42,69.20649780342916,7.291366609749432,1914.3167356703082,31.26216372993416,31987.54918689392,3498.708514051063,69023.53035400639,39.81596959154703,191925.2951213635,35186.30410558332,3904.8069904111626,76041.73356761363,39.32863924575005,127950.19674757568,28788.79426820453,7821.987264617629,49015.264411184915,19.135847637906203,1,1,1,16117,12426,63.512071330657044
80,12204.85059314177,36,47068,1137,370,1307.4612267678444,241.7751269944321,1129,296,286.8084675160097,180.81737159186784,4044.5453655539955,3.605124017226788,277382.9680259493,286445.4293875027,2717685.2916752757,494.8782783647658,8543395.415199239,360597.8584337341,472906.6859532765,2315179.175596663,161.94906319097248,6102425.296570885,305121.2648285443,162827.9440519822,1319809.439451579,328.13901907618936,1,1,1,65535,55007,797.1348471419271
8000,9834.997167695146,13,18143,1311,500,1395.6571875212555,303.30491110163973,409,286,333.5169361819875,141.04087459727373,2523.0187399465476,3.355364463997464,298030.2172028832,305045.9235146815,1850678.3674266597,215.19082087667255,6884498.017386602,387439.2823637482,352388.1484628946,1752733.7204531815,339.5309646948722,4917498.583847573,327833.23892317154,236174.37485424196,2095223.4227685034,136.41471590007745,1,1,1,65535,51545,864.5870618516215
8080,6772.5059647286635,46,25940,1018,240,563.9270299913071,228.36150537445175,1046,281,799.6977908235715,290.50396770368144,5483.407861807321,8.85934989389173,112875.0994121444,159675.36525960529,775067.0478284508,323.19177341676493,4740754.175310064,146737.62923578772,80264.69490306899,476586.9935357964,406.14442924233947,3386252.982364332,124162.60935335884,109275.82492458576,486475.7785862613,393.6042262069109,1,1,1,65535,54159,681.8124104074393
8000,3502.0761599150223,38,21211,1143,416,558.1970876644812,221.97054656009837,474,202,260.28576073498834,278.02668057179415,7766.267946844129,17.418239128608832,57411.084588770864,81538.43166753805,453134.30108390213,167.869800612944,2451453.3119405154,74634.40996540213,43396.38999213412,322689.6402336381,191.59719192700902,1751038.0799575113,63152.193047647954,56322.47587853411,361711.90101263666,464.4925051623215,1,1,1,65535,55361,409.24142419973475
8000,4628.939677589939,25,19495,1045,316,779.830196149423,318.022824609004,848,173,704.8678350093602,118.85388437195148,7257.193643407568,9.721448784018133,102865.32616866531,125125.98229448088,930275.3199518041,264.77784892036027,3240257.774312957,133724.9240192649,165961.555574076,465057.42928044166,92.10532784726004,2314469.8387949695,113151.85878553185,89603.00357279649,412943.2933137228,215.79101665338172,1,1,1,65535,61047,742.3490155793916
8000,4492.458193725035,48,36184,1223,476,753.8536449869986,198.74139501508503,518,187,307.20421731105915,157.38708869635633,10106.07100186774,17.362432021949285,57595.61786826968,90799.97406978502,442632.4959609657,393.7133325710343,3144720.735607524,74874.30322875058,82138.30393587472,395259.40508383483,413.6880460647894,2246229.0968625173,63355.179655096654,37455.18861093325,340234.3684593756,175.8322403553286,1,1,1,65535,25071,530.5289311490288
80,4940.334165020685,16,9718,1314,442,607.3905680818891,217.41439854092113,1030,139,763.1857220050678,133.79101188608854,6292.58027231483,8.906280128080319,112280.3219322883,108056.91176243706,1087978.2441504363,497.4496871916099,3458233.915514479,145964.4185119748,73496.35196008936,1093822.940121552,468.9347434483537,2470167.0825103424,123508.35412551713,47230.76294845422,481740.21846200194,376.5182755729651,1,1,1,65535,24106,685.2881450434784
8000,8532.516873866043,40,50543,1407,219,1263.5945076141738,151.8252889850708,467,178,403.5011556139027,281.7741600403475,6964.041982743777,7.266320233118752,137621.23990106522,134365.23920443852,1175163.4821351685,162.5766360044018,5972761.81170623,178907.61187138478,85701.65995093391,760496.0393630811,372.65958735539584,4266258.436933022,151383.36389117176,161026.38507035724,621918.2528818278,359.4168507188355,1,1,1,65535,30776,833.5478316140383
8080,3102.419537089442,38,31442,1343,467,827.4276914135834,279.1432965315165,937,107,380.0764540326857,229.59720407425615,13074.984438937658,19.984402257267167,50039.0247917652,74638.33019656733,360836.8862960575,479.7868447513602,2171693.6759626097,65050.732229294765,59432.854742350224,350312.30917915946,338.5840638873406,1551209.7685447212,55042.92727094173,47132.91305259816,350946.80448810087,92.26054321415293,1,1,1,65535,28848,603.7520727231346
443,47025.3496730178,14,3393,480,145,242.4085437324355,43.85914689627768,695,283,392.92057836658057,185.47630799577288,222.56697920649154,0.6804840415330491,2985736.4871757333,847234.4162073635,15300896.167573387,819.5089343427225,37620279.73841424,3358953.5480727,671306.0222505666,6221803.660206407,1689643.709893692,32917744.771112457,2612519.4262787667,704630.9928477012,23826202.014132794,694.46330217231,0,1,1,14268,61518,317.66456104950805
8443,23900.994965533864,17,2716,380,115,159.77566054007582,46.867792596526726,835,313,582.9507799186586,171.62778163933007,601.4478413256035,1.548052708824691,1300495.3143011073,351991.45782892965,5828319.798099916,626.254371165653,19120795.972427092,1405940.8803255213,157824.73052159674,2656983.875751495,834113.4458113436,16730696.475873703,1195049.7482766933,158141.77363533986,10057158.271507852,1100.4859026875092,0,1,1,25805,46748,371.3632202293672
1337,47012.04264606251,20,3045,397,89,152.2621921722314,24.40615845117886,726,298,811.3535057300364,143.40012097282707,409.94419457882265,0.8508458205304167,2350602.132303125,309541.2657837091,9288532.108096333,439.57139002568795,37609634.11685001,2350602.132303125,284992.5967805331,5598030.393203171,1633999.2222430224,32908429.852243755,2350602.132303125,282364.4539289875,21795733.777661365,3820.6540735760404,1,1,1,8924,33513,481.8078489511339
1337,12711.037357315465,5,1319,465,96,263.9828098656014,31.747467172231786,1169,306,510.4115836088785,201.03647104735805,786.4748320423676,1.7307792732855547,1644957.7756525893,1160920.276348494,2261497.234425245,868.0912591067115,10168829.885852372,2542207.4714630926,131233.17301535394,5619189.299124943,1362414.740739256,8897726.150120825,747708.0798420861,247798.23518262734,7274818.52561223,4611.016668832685,1,1,1,29573,64498,387.19719673723995
4444,39295.621796513995,10,3623,469,138,362.3793681088141,52.0310617105562,760,354,799.1743561933606,110.7067600481272,458.29360293177103,0.7125475745108057,3056326.1397288665,724507.1050129967,9306131.430431034,872.916767021192,31436497.4372112,3929562.1796513996,711068.1712937981,8054248.92916553,2877609.563865744,27506935.257559795,2183090.099806333,271528.1499275463,9470411.117924111,1290.4394052444427,0,1,1,26897,49603,580.7768621510874
443,36663.142653173796,21,2184,314,150,104.04466440626999,34.75246095116595,871,316,336.30580490158957,142.7071205423233,243.0521064399825,1.1182892963609812,1789510.5342620544,294669.2744829725,8410170.816178584,352.38180549667345,29330514.12253904,1745863.935865419,193567.60645320202,5160923.976400771,1492810.425902629,25664199.857221656,1833157.1326586897,290787.5205409917,16811541.01233516,4205.277774956334,0,1,1,15657,27480,220.17523465392978
80,88.27071693391458,9,400,62,40,44.51436304888747,0.28586193599556964,0,0,0,0,4531.514118090454,101.9590676570352,9807.857437101622,676.3072788650471,13135.294668279432,2.264410278084215,88270.71693391459,9807.857437101622,922.5070000608208,18491.90232714552,1.3867604138207945,0,0,0,0,0,0,0,0,692,0,44.51436304888747
53,49.95836892704504,13,602,65,40,46.3786407537607,7.821756717751738,0,0,0,0,12050.033116155366,260.216661976777,3842.9514559265417,667.3888492025554,7249.761912672507,2.229411221332573,49958.36892704504,3842.9514559265417,538.1822737942088,4635.1704640811595,3.125990954912883,0,0,0,0,0,0,0,1,814,0,46.3786407537607
443,41.36978967172313,14,736,60,40,52.629556585655735,4.976407082943637,0,0,0,0,17790.760016918022,338.4111959739841,2954.9849765516524,219.42912797788003,3621.720248456618,1.0587674465604597,41369.789671723134,2954.9849765516524,344.06348115761045,5553.430595509816,4.410236215767888,0,0,0,0,0,0,0,1,2044,0,52.629556585655735
80,94.7080418063165,11,504,55,40,45.85468524595276,4.109233958724482,0,0,0,0,5321.617788600355,116.14641998929346,8609.821982392408,1292.6140916243708,11594.834689338806,4.490748166862409,94708.0418063165,8609.821982392408,1536.3447310815795,13776.963363197865,2.468508063159602,0,0,0,0,0,0,0,0,1025,0,45.85468524595276
80,70.36054418335941,12,604,64,40,50.38095511809189,5.791154389592871,0,0,0,0,8584.356573848796,170.55013060626746,5863.378681946618,84.44931608836023,7816.602082395596,1.0678913005437007,70360.54418335941,5863.378681946618,182.75921427530616,10198.120774750225,1.91951182217668,0,0,0,0,0,0,0,1,1566,0,50.38095511809189
443,11.63312466406218,6,323,64,40,53.86097181064602,6.911313817846892,0,0,0,0,27765.541015633833,515.768563757904,1938.85411067703,58.59144019215086,3003.157258274374,4.227176945101885,11633.12466406218,1938.85411067703,195.35677683417262,3248.9638602016953,2.7113627412520436,0,0,0,0,0,0,0,1,1691,0,53.86097181064602
443,82.4965195179187,3,179,70,40,59.818660917305124,7.710766236015405,0,0,0,0,2169.78850800027,36.365170525144194,27498.839839306234,237.30152435384883,46074.159150084386,4.304802385806105,82496.5195179187,27498.839839306234,1524.6917619804035,44355.903282860294,1.3132558038600095,0,0,0,0,0,0,0,0,542,0,59.818660917305124
53,56.03864233796576,13,758,50,40,58.353569051194846,4.0491858848132765,0,0,0,0,13526.380518438447,231.98277933997338,4310.6647952281355,809.8222614334628,8557.401423614727,3.9085292232418283,56038.642337965764,4310.6647952281355,665.4242539951188,7179.089903160861,4.91683308728518,0,0,0,0,0,0,0,0,1252,0,58.353569051194846
53,41.18302325386512,10,522,52,40,52.26934987260461,5.756050742106988,0,0,0,0,12675.125786230594,242.81850165192708,4118.302325386512,33.599484190956844,5673.74324745076,1.5779925317320527,41183.023253865125,4118.302325386512,139.15319363096685,5102.4424026614015,4.861936483961578,0,0,0,0,0,0,0,0,826,0,52.26934987260461
443,20.075594208168543,6,346,63,40,57.75435912853434,7.844006180246758,0,0,0,0,17234.857230737227,298.8703566023796,3345.9323680280904,389.7569675132435,6680.539885849626,1.3980641717799536,20075.594208168543,3345.9323680280904,334.2526790885779,4055.305876172351,1.5695712482381297,0,0,0,0,0,0,0,0,998,0,57.75435912853434
37384,37.07378220026653,3,129,60,40,45.88281985549216,2.737798981574129,0,0,0,0,3479.547873026902,80.91971797736981,12357.927400088842,0,37073.78220026653,0,37073.78220026653,12357.927400088842,0,37073.78220026653,0,0,0,0,0,0,1,0,0,1209,0,55.487301477775354
29988,49.8127508292305,1,43,60,40,42.27303656682397,1.9124344181148556,0,0,0,0,863.2327924915015,20.075181220732592,49812.7508292305,0,49812.7508292305,0,49812.7508292305,49812.7508292305,0,49812.7508292305,0,0,0,0,0,0,1,0,0,4005,0,59.07561422147327
35467,28.77719285435204,2,102,60,40,45.401940764372135,4.694654625636389,0,0,0,0,3544.473587686101,69.49948211149217,14388.59642717602,0,28777.19285435204,0,28777.19285435204,14388.59642717602,0,28777.19285435204,0,0,0,0,0,0,1,0,0,2244,0,43.23693947508823
32299,8.429853549363376,1,46,60,40,45.19907989250049,3.7908795424597863,0,0,0,0,5456.797052360884,118.62602287741052,8429.853549363375,0,8429.853549363375,0,8429.853549363375,8429.853549363375,0,8429.853549363375,0,0,0,0,0,0,1,0,0,7005,0,44.750086494163874
62771,36.63240133981656,3,141,60,40,59.98879820279117,4.887677980404196,0,0,0,0,3849.0515184093056,81.8947131576448,12210.80044660552,0,36632.40133981656,0,36632.40133981656,12210.80044660552,0,36632.40133981656,0,0,0,0,0,0,0,0,0,3215,0,48.376361474687855
45212,25.5644972902656,2,94,60,40,55.9061868128058,2.2414877247681653,0,0,0,0,3676.9743184346967,78.23349613690844,12782.2486451328,0,25564.4972902656,0,25564.4972902656,12782.2486451328,0,25564.4972902656,0,0,0,0,0,0,0,0,0,6710,0,50.575356681312016
53583,23.705322531904702,1,45,60,40,40.69597033587609,4.955761875924201,0,0,0,0,1898.3078563658037,42.18461903035119,23705.3225319047,0,23705.3225319047,0,23705.3225319047,23705.3225319047,0,23705.3225319047,0,0,0,0,0,0,0,0,0,4987,0,41.38599147954759
13064,46.20479542113723,1,55,60,40,52.09711811098421,3.1086541144085365,0,0,0,0,1190.352635450459,21.642775190008344,46204.79542113723,0,46204.79542113723,0,46204.79542113723,46204.79542113723,0,46204.79542113723,0,0,0,0,0,0,0,0,0,4491,0,58.83423850691975
6689,45.94952160448781,2,110,60,40,54.91117798499656,1.2688995970521266,0,0,0,0,2393.9313437652086,43.5260244320947,22974.760802243905,0,45949.52160448781,0,45949.52160448781,22974.760802243905,0,45949.52160448781,0,0,0,0,0,0,0,0,0,3066,0,46.26548047423565
17182,10.756905132620965,3,144,60,40,51.94771374749891,4.037353531058211,0,0,0,0,13386.750020069554,278.89062541811575,3585.6350442069884,0,10756.905132620965,0,10756.905132620965,3585.6350442069884,0,10756.905132620965,0,0,0,0,0,0,0,0,0,6331,0,53.13309545781058
22,238.8433716979844,6,410,147,45,68.34012736220764,15.364957792815426,120,48,67.06364224322817,8.21449719582888,2559.131897015037,37.68159834630216,26538.152410887156,3547.3751357244746,75712.2902431584,35.459537797685186,143306.02301879064,29191.967651975876,4626.782173247442,41932.69343368819,36.597523155340184,95537.34867919376,23884.33716979844,3466.884819435635,61948.88846551603,43.956973342582344,1,1,1,11583,10468,67.7018848027179
8000,6380.318986836887,29,13820,1139,404,476.58408998112054,129.11824170526847,1051,281,432.3106516186042,222.63931572106787,2504.96752599967,5.328887171651566,187656.44078932022,235991.98410295282,1319246.6032314564,55.779852808376056,4466223.29078582,243953.3730261163,169325.40031139035,1037452.7756450786,168.2367577632416,3190159.4934184435,206422.08486825225,276259.1213002447,911576.6930213127,228.77620679389779,1,1,1,65535,35474,454.44737079986237
8080,4951.658103416365,33,15356,1257,379,465.3414755275952,159.63535535250065,902,197,751.923591945197,172.99969706598,5227.178136912452,9.491770033066834,105354.42773226308,195008.6941375789,872585.6149019902,292.8737619551257,3466160.672391455,136960.756051942,137289.92568459344,914649.7612092117,496.70295204233196,2475829.0517081823,115889.8705054894,148613.2858696011,740613.7749075078,217.31940668914189,1,1,1,65535,53526,608.6325337363961
8000,8733.096485259828,53,66484,1213,217,1254.4162572519392,135.10410452813966,1098,117,245.11538081026578,218.9654060090333,8146.166023680571,8.244498400026304,121293.00673971983,71725.17310286702,742270.4662844748,63.658033754496245,6113167.539681879,157680.90876163577,75996.19780738145,613273.4271410657,283.5225628178538,4366548.242629914,133422.30741369183,89393.92236041038,945002.2070764449,388.2876434672768,1,1,1,65535,60185,749.7658190311025
80,12016.154700134273,41,24582,1412,311,599.5695033296724,313.1289074253817,886,249,742.562663462323,157.9460561339908,2849.136443053967,4.493950131933354,222521.38333581988,122090.85823419293,1515710.8713303283,208.8871600570321,8411308.290093992,289277.79833656584,216736.87210930156,1758145.7010265538,497.24494303067723,6008077.350067137,244773.52166940187,161405.13855773013,1440451.7855567494,212.31911185008104,1,1,1,65535,61724,671.0660833959978
8000,13089.823524350568,34,47541,1108,278,1398.26540954542,106.2583754832277,1189,158,639.3414593306519,290.3928859008348,4364.546680726816,3.7433659750146298,267139.2555989912,479701.43940264324,2560731.0276154573,169.67762567353225,9162876.467045397,347281.03227868857,530117.1725815319,2051074.7310592302,131.36343423136293,6544911.762175284,293853.1811588903,163299.11447841124,1985766.7095451402,351.45651327745435,1,1,1,65535,30166,1018.803434438036
80,13966.808737829911,22,16487,1227,315,749.4380865344178,314.0852884898852,487,209,539.9391174957955,175.91172200110896,1915.0030360001215,2.935530998498542,340653.8716543881,484724.1565111736,2490823.7553776223,146.02747066380527,9776766.116480937,442850.0331507045,329634.84754142666,2950538.9400962354,332.35840705373516,6983404.368914955,374719.25881982694,307517.6959550076,1663572.613113674,384.00652433465046,1,1,1,65535,23275,644.6886020151067
8000,2785.719492465498,24,11380,1163,369,474.1745376626206,257.7314113396784,402,198,658.5394771777211,293.98519023343306,9049.553622616677,16.15381596090739,61904.87761034441,85274.96721627944,249534.75204151243,448.27372231347226,1950003.6447258487,80476.34089344773,98512.06372047443,403693.9268196936,365.5228476190733,1392859.7462327492,68095.36537137885,62537.58135068986,276291.4060919918,65.3695747550675,1,1,1,65535,19771,566.3570074201708
80,8414.582590971782,14,9521,1040,256,680.1166192720232,259.37950036706775,1100,169,786.3737776816425,121.73975339251,3000.6370429510757,4.040604466403296,247487.72326387596,167058.8259125906,2314621.6617734665,294.2634089650153,5890207.813680247,321734.04024303873,158726.70668568966,1333350.4738542452,189.06233818765952,4207291.295485891,272236.49559026357,269538.0673054936,1732629.5641331952,388.81517500066093,1,1,1,65535,46783,733.2451984768329
8080,9020.663476324884,49,60877,1262,283,1242.3926133424334,347.2645532259554,854,107,371.53129005878424,248.26949045352237,7201.696683944242,6.651395449733,150344.3912720814,134876.47789130162,937578.5560917144,459.46892568773984,6314464.433427419,195447.70865370583,133607.2336590252,1365597.3047927616,259.6358585912942,4510331.738162442,165378.83039928955,185864.98276371785,988210.423820137,216.86654982413097,1,1,1,65535,58487,806.9619517006088
8000,4291.326289283021,36,32203,1429,352,894.5494939861233,333.47069256859993,605,105,729.6896116037627,258.30759686827315,8354.580245052704,9.554155810149345,104666.49486056148,61504.40483804362,706522.4896041941,50.72823731022999,3003928.402498114,136066.44331872993,97121.88931075923,965667.4682402635,311.49901378965035,2145663.14464151,115133.14434661763,117069.89559369365,745836.6417144125,422.15362490590286,1,1,1,65535,40498,812.119552794943
443,13618.8162029823,10,1807,494,133,180.77362455676652,68.43090139939687,1136,400,723.2049341633165,88.994405112361,663.7717590476963,1.4685564223724763,1361881.6202982299,618162.412015991,9100672.15039332,673.3730176337956,10895052.96238584,1361881.6202982299,82783.97356835732,3772979.781765412,985387.984182657,9533171.342087608,1361881.6202982299,532203.5512909568,4349202.567777643,2531.671352149766,0,1,1,23752,28297,451.9892793600415
1337,33207.77137213848,13,4844,436,109,372.67863582719275,59.96470164401308,900,255,806.0029667922203,82.0981597246277,582.7815257801566,0.9335164245923828,2199660.0695219934,744829.0587043174,9450554.903533285,135.0607608393402,26566217.097710785,2554443.95170296,411432.6787698764,5771084.526735636,1826351.8693545824,23245439.960496932,1844876.1873410265,187039.8780251176,12403790.960803311,3603.742268039854,1,1,1,30356,24186,589.3408013097065
4444,28559.342646890636,22,8505,360,102,386.63561231036306,79.97264872716939,659,379,893.0722954346845,167.3961140254307,673.0845052603851,1.1905035917800337,1839048.5795346242,407977.7498251901,7424141.264424869,378.02354438000623,22847474.11751251,1298151.938495029,154720.32725308053,3670955.1170450393,1002723.5293679809,19991539.852823444,2379945.2205742197,549663.4800073917,10860450.456860391,1263.5526869656742,1,1,1,25158,55281,639.8539538725238
8443,36690.25996599256,7,1737,440,149,248.16826377066883,29.54035273633383,1001,361,548.4712291146609,219.79305441050835,271.5774238817127,0.5996141760890041,3843741.5202468396,1659773.2709459646,12386047.155173713,320.1319345132937,29352207.972794052,5241465.7094275085,703755.9783205532,13549881.36719482,4573865.757188172,25683181.97619479,2446017.3310661707,957437.5692054563,20119994.004480142,1992.8445542858667,0,1,1,22044,14694,398.31974644266484
4444,47488.11505139011,21,6094,352,114,290.195355294141,25.21461959538986,817,202,821.654110330028,199.3749239496264,422.4682810652043,0.8002002176518824,2527378.672202835,468595.4999090943,20397928.286660917,643.1603351333622,37990492.04111209,2261338.8119709576,329124.1175847449,3677931.888767375,1346080.5010257566,33241680.535973076,2793418.5324347126,332152.12862474937,17456544.533836786,4041.1987059518515,1,1,1,11516,41673,555.9247328120845
4444,39845.68657011163,21,6435,302,101,306.4376541402844,51.02314691968293,1074,376,784.0268092421982,169.21831407271864,279.56229522607407,0.6776141239903438,4269180.703940532,611149.9601022815,49152045.93563989,668.1123558849533,31876549.256089307,1897413.6461957921,136673.1413902468,3356393.9842273276,1519154.3513003297,27891980.59907814,6640947.761685272,750956.7974458192,21401198.621861707,2820.0142121275867,0,1,1,13342,46932,545.2322316912413
8443,51126.78559797654,24,3277,368,98,136.57716871100013,63.4801519946933,705,399,769.2249974764098,84.76678622917962,274.7483897029835,0.7432503247672183,2891097.995123673,342144.17039206234,26392293.36545501,462.18469614702906,40901428.47838123,2130282.733249022,193402.26343406085,5468819.642642758,1564482.6203894468,35788749.91858357,3651913.256998324,963648.7430109112,16283622.381778961,4087.0771304724285,1,1,1,8813,12583,452.901083093705
443,55171.791322985046,7,1841,442,93,263.06623087826864,70.30882067062907,1018,212,358.98263281188724,157.88632326874242,143.98967630837743,0.4350049078432114,5563541.982149752,2940842.573621702,24546072.882074468,845.9103531127474,44137433.05838804,7881684.474712149,1111445.5624677425,18105054.818059858,5033919.155547877,38620253.92608953,3245399.4895873554,385825.72163924645,14775495.049352149,4413.395525478978,0,1,1,20436,16139,311.02443184507797
8443,53394.92274282199,25,8606,305,131,344.2557678571362,51.273445780919836,942,361,740.219636150711,175.9143606480534,285.95173730890673,0.636764663257626,4034283.051679884,756525.9206282229,42805405.84096411,345.7394648405572,42715938.194257595,2135796.9097128795,399757.5413526464,3866393.8875623066,1115390.019250538,37376445.91997539,5932769.193646888,869680.6734621284,23836988.99759646,3239.7150658390574,1,1,1,20002,51507,542.2377020039237
80,91.02362506461802,9,536,55,40,59.66260178643915,2.628806818922887,0,0,0,0,5888.581119676255,98.87542924829533,10113.73611829089,172.16956805792776,16730.608874275506,0.10186480245705953,91023.62506461801,10113.73611829089,940.6998439717206,19889.17060858558,0.32597335917635584,0,0,0,0,0,0,0,1,863,0,59.66260178643915
80,14.202041689517753,15,633,55,40,42.22534993869884,7.589367590573048,0,0,0,0,44571.05631982512,1056.186168716235,946.8027793011836,187.20800813726495,1524.5038483240833,0.5369809092743005,14202.041689517753,946.8027793011836,75.38852649000766,1203.1372282056998,2.506467242374409,0,0,0,0,0,0,0,0,773,0,42.22534993869884
80,48.02178035354298,13,777,61,40,59.793222682496676,6.12944926792841,0,0,0,0,16180.158134072053,270.710496451656,3693.983104118691,113.96424721290778,6533.154284974812,2.6621575585983006,48021.78035354298,3693.983104118691,453.1755866613922,7303.819664723887,2.8289983679095263,0,0,0,0,0,0,0,1,985,0,59.793222682496676
443,87.61748145175817,9,518,58,40,57.56084598273415,6.673520370600117,0,0,0,0,5912.062198286409,102.71922738335458,9735.27571686202,842.9779616550533,11688.880330394126,0.5679713088234251,87617.48145175817,9735.27571686202,197.2155955723599,13181.44368906958,2.945969118385423,0,0,0,0,0,0,0,1,1671,0,57.56084598273415
80,33.89687509147632,6,334,54,40,55.788857156667916,4.008408569611938,0,0,0,0,9853.415664383392,177.00746702485137,5649.4791819127195,1037.9414731678207,10326.070462339823,4.323974569266703,33896.875091476315,5649.4791819127195,747.0940360427632,8135.489733106719,1.1856053476204136,0,0,0,0,0,0,0,1,1456,0,55.788857156667916
53,53.504108029436054,2,92,52,40,46.30600762158008,7.17007358967007,0,0,0,0,1719.4941358406513,37.38030730088372,26752.054014718025,798.7626706196102,42729.88430014879,1.4544304095523386,53504.10802943605,26752.054014718025,2619.983377411775,32680.145625542344,3.21508344806003,0,0,0,0,0,0,0,0,1330,0,46.30600762158008
443,12.109057864217405,6,260,51,40,43.38830073914883,1.5877482450422846,0,0,0,0,21471.530065795378,495.49684767220106,2018.176310702901,51.59624751147444,4022.1280060636836,1.3541633367023787,12109.057864217406,2018.176310702901,319.4088927719581,3947.397293213458,3.082921698269197,0,0,0,0,0,0,0,1,1662,0,43.38830073914883
53,53.864191983659026,2,85,60,40,42.535358467563306,4.872531216938043,0,0,0,0,1578.0427937318127,37.13041867604265,26932.095991829512,3442.3236833656297,45783.535475435245,0.09757853872509326,53864.191983659024,26932.095991829512,231.03344476193368,36292.94003147218,2.804451243115525,0,0,0,0,0,0,0,0,1655,0,42.535358467563306
24998,12.081789661007214,1,44,60,40,55.7493140751092,3.579346437000281,0,0,0,0,3641.844563972643,82.76919463574188,12081.789661007215,0,12081.789661007215,0,12081.789661007215,12081.789661007215,0,12081.789661007215,0,0,0,0,0,0,1,0,0,4253,0,50.872132186568805
46438,36.34675753721115,1,52,60,40,59.19288073399909,3.8535431949614303,0,0,0,0,1430.6640680881467,27.512770540156666,36346.757537211146,0,36346.757537211146,0,36346.757537211146,36346.757537211146,0,36346.757537211146,0,0,0,0,0,0,0,0,0,2025,0,59.26115839819233
53736,40.4213354105451,2,108,60,40,47.63444573303199,0.6132250978380532,0,0,0,0,2671.856308137336,49.47882052106178,20210.66770527255,0,40421.3354105451,0,40421.3354105451,20210.66770527255,0,40421.3354105451,0,0,0,0,0,0,1,0,0,4254,0,51.77644652102586
25117,33.02430790170555,3,168,60,40,46.7615457166612,3.0904497086586673,0,0,0,0,5087.161871795764,90.8421762820672,11008.10263390185,0,33024.30790170555,0,33024.30790170555,11008.10263390185,0,33024.30790170555,0,0,0,0,0,0,0,0,0,3534,0,59.738789351751706
60827,29.676465288259045,1,53,60,40,48.32107019238839,1.0603062825019767,0,0,0,0,1785.926979011496,33.6967354530471,29676.465288259045,0,29676.465288259045,0,29676.465288259045,29676.465288259045,0,29676.465288259045,0,0,0,0,0,0,1,0,0,5552,0,56.104398929187724
39610,44.16514530908776,3,177,60,40,41.873019941203054,0.8615927281106073,0,0,0,0,4007.6852178629447,67.92686809937194,14721.715103029253,0,44165.14530908776,0,44165.14530908776,14721.715103029253,0,44165.14530908776,0,0,0,0,0,0,1,0,0,2310,0,45.87541090081534
31531,30.38986393417543,1,60,60,40,41.933086802916826,0.20321914577498879,0,0,0,0,1974.3425021566482,32.90570836927747,30389.86393417543,0,30389.86393417543,0,30389.86393417543,30389.86393417543,0,30389.86393417543,0,0,0,0,0,0,0,0,0,7108,0,55.685645251723415
37412,20.65380550860884,1,54,60,40,48.104459163116246,3.4548375680160373,0,0,0,0,2614.530284866483,48.417227497527456,20653.80550860884,0,20653.80550860884,0,20653.80550860884,20653.80550860884,0,20653.80550860884,0,0,0,0,0,0,0,0,0,6150,0,49.31676428275215
59398,44.01584986997661,2,120,60,40,47.43125559752382,2.8453990907416986,0,0,0,0,2726.2906510832245,45.43817751805374,22007.924934988307,0,44015.84986997661,0,44015.84986997661,22007.924934988307,0,44015.84986997661,0,0,0,0,0,0,0,0,0,3271,0,44.35494303329643
49775,17.953296303242432,1,42,60,40,40.013524667480354,4.551357733686826,0,0,0,0,2339.403265595001,55.700077752261926,17953.29630324243,0,17953.29630324243,0,17953.29630324243,17953.29630324243,0,17953.29630324243,0,0,0,0,0,0,1,0,0,6978,0,44.13048224404977
22,281.0700693135917,8,894,113,60,111.75691323139954,6.555223765234692,117,52,80.21952965905587,24.14800011981304,4322.528640116107,42.693980292193686,23422.505776132642,8836.186570693179,47328.95435729399,28.76803896019247,168642.041588155,25764.75635374591,3438.9019839228595,35620.17760783477,41.170182724177565,112428.02772543668,21080.25519851938,6993.566433305079,55495.22442331202,25.93181811635952,1,1,1,11757,14145,95.98822144522771
8080,11679.076406142394,37,20845,1227,379,563.3976634411761,321.6776485919585,834,102,564.5125263026815,114.41949355544634,3041.5966122552763,5.394262166729752,185382.1651768634,253152.0789169182,875180.8282186405,377.46154857860824,8175353.484299676,240996.81472992242,113683.57782286665,1378185.6531484893,358.01869406359447,5839538.2030711975,203920.38169454975,101252.64453276306,1007625.489912249,331.9780092437749,1,1,1,65535,17642,563.9550948719288
8080,12120.120019034632,28,27539,1393,290,983.556737748163,215.3240649144683,1162,143,662.4882499452381,114.67471225158701,3146.784074429502,3.630327086769608,275457.273159878,471239.0273291888,2052664.3856141567,133.46523483150924,8484084.013324242,358094.4551078414,341192.5212806368,1372265.1445516094,393.2059209227159,6060060.009517316,303003.0004758658,176508.3372052636,1695818.7404615723,296.4216046626691,1,1,1,65535,40303,823.0224938467005
80,13917.186688139209,42,57643,1057,249,1372.4630713215793,340.20698737146665,1133,188,568.0442286021112,165.12143062964182,4386.785615166731,3.448972919283144,289941.38933623355,328507.06698384124,2765742.374302954,413.39802333660407,9742030.681697447,376923.80613710365,234171.1816121011,1918991.3903137385,482.0611011439845,6958593.344069605,318935.52826985694,257621.96259479958,1331046.680058803,278.86981178270753,1,1,1,65535,62764,970.2536499618452
80,2618.686581420291,43,44594,1236,445,1037.0732704883956,177.51702962595738,949,165,698.3698381105594,234.28013414481325,20229.449779971765,21.002895264453443,47612.48329855075,40466.02502221973,469518.06035708764,276.09854282714684,1833080.6069942038,61896.22828811598,57586.43048592419,195688.06949149966,224.89532800811045,1309343.2907101456,52373.73162840583,29248.53722133693,265571.94695002923,413.1416163274616,1,1,1,65535,50228,867.7215542994775
80,14858.804700494555,40,52368,1022,247,1309.2073718155284,329.9493147922708,798,206,442.07837457733035,208.5922649728098,4000.4260143401707,3.7688092096759385,265335.798223117,455282.39159071154,2008846.3633133827,247.39782603862264,10401163.290346187,344936.5376900521,247146.20497388538,1260595.0217652158,298.1415372158226,7429402.350247277,291869.3780454287,371401.3940553112,1002162.4318728738,61.00053492592418,1,1,1,65535,49573,875.6428731964294
8080,9775.317636146738,34,34949,1208,412,1027.938243167966,160.45006476457613,1170,196,391.29116334358275,264.6557252279292,3935.5775607275204,4.398834043100195,227332.96828248227,389462.18209073937,1405870.893514836,118.56326674487592,6842722.345302716,295532.858767227,427343.5929236627,1530580.8672608468,403.16201330927356,4887658.818073369,250066.2651107305,279397.34125922754,1577364.822424273,256.93523974901734,1,1,1,65535,41917,709.6147032557744
8000,2761.9533084971245,15,13591,1016,253,906.1171629615619,154.58513522987036,1153,182,409.6070343768011,235.9602616613604,6700.707720151639,9.775690239561525,102294.56698137497,116435.80893547548,907725.5577776389,278.835890263176,1933367.315947987,132982.93707578746,142889.9641749795,643439.2480087522,167.35164043273073,1380976.6542485622,112524.02367951248,136481.63989791617,748253.8845842099,480.3516856465727,1,1,1,65535,44096,657.8620986691815
8000,3540.43349358033,29,24087,1162,495,830.6087197546458,214.99328335282888,447,156,678.3543137281927,158.90381381553524,7761.598824367861,9.603343788733865,104130.3968700097,170638.18298705868,551950.4486997352,341.6998341775684,2478303.4455062305,135369.51593101263,192608.40627602758,629665.0145717792,252.38040510763554,1770216.7467901648,114543.43655701069,85060.9884056636,587498.8493296169,210.4790198456598,1,1,1,65535,18807,754.4815167414192
8080,4609.9974766264695,29,34018,1160,375,1173.0523606163756,220.79493734113478,545,217,299.3231658532094,161.6521749050155,8418.158428131106,9.761393629423493,102444.3883694771,54970.902209099586,916160.7693041964,348.29580873806395,3226998.2336385287,133177.70488032023,110357.5926227163,832133.3556935161,329.3829355140281,2304998.738313235,112688.82720642483,54553.57247954786,697300.9286454137,215.29145085189495,1,1,1,65535,61924,736.1877632347926
1337,51676.040665404806,21,7885,308,105,375.4771299805923,75.50559278754196,916,385,509.0116751185682,135.44891957181292,231.38601519341685,0.5611885048967079,4460134.462192677,800830.3057353687,38723962.21712275,912.146104994856,41340832.532323845,2460763.8412097525,350489.3632949455,3737934.5458808825,1833950.6275813493,36173228.46578336,6459505.0831756005,731288.9009612931,27472295.281662144,3271.720712272473,0,1,1,20045,20375,442.24440254958023
8443,30458.706322730108,8,2070,483,129,258.83232998129506,43.03444523280791,831,298,539.4925417613528,203.09622994230125,280.52961443769937,0.6566267059436731,3172781.90861772,1043078.7758439679,18476691.181605246,139.8420250951002,24366965.058184087,3807338.2903412636,641286.6349760966,10635756.377624769,3009933.7453573192,21321094.425911076,2538225.526894176,612688.5717711751,9806184.34127875,3768.681622667721,0,1,1,8253,50913,399.1624358713239
8443,51720.547940321354,8,2000,380,137,250.04075719417006,69.3011450261476,770,392,775.3673385554487,135.9998828471554,173.59893624701246,0.3286894798488164,6105898.020732382,1076574.9254925374,23226402.15735241,283.3916259709248,41376438.35225709,6465068.4925401695,1164908.0244475612,18027071.530288212,3949873.328843412,36204383.558224946,5746727.548924595,1638865.2330178153,27823135.92528675,2746.3807618229966,1,1,1,31696,47592,512.7040478748094
443,12549.028909708739,8,3069,301,104,383.66260019524947,38.92551217326932,1053,339,778.4814865208128,107.33722599863499,492.725516223929,0.9562492911874659,2352942.9205703884,441908.1674499104,12294530.940555409,364.67762135394844,10039223.127766991,1568628.6137135923,275616.40725172433,4616727.513257052,1118905.4875844677,8784320.236796116,3137257.2274271846,706340.4384507829,14889316.845630916,3791.5498873710494,0,1,1,28879,29828,581.0720433580311
443,48197.98379810132,19,6554,312,131,344.9818272661694,37.708961618231804,722,327,804.174014740209,188.32078589237693,269.47282463899523,0.5601894077789955,4280741.982068209,499104.3006524081,48038052.18157973,171.66051736350727,38558387.03848106,2536735.989373754,255069.07450478507,6651314.09450711,1527752.8456617906,33738588.658670925,6024747.974762665,2366161.06220567,32307391.348859392,710.8724515767317,0,1,1,26934,8422,574.5779210031892
443,11194.354663201697,10,2902,461,112,290.25504866154836,69.48966740081987,629,348,425.8030246355412,243.6373544764785,639.6599847340282,1.78661482521582,1119435.4663201696,520118.9755413054,3686442.3577599023,864.6593278335979,8955483.730561359,1119435.4663201696,113995.53731446882,2066412.647234208,932410.4756331616,7836048.264241188,1119435.4663201696,190251.00844828988,4523702.742140894,3018.465973180184,0,1,1,29352,9918,358.0290366485448
1337,54748.89469439784,23,8349,361,96,363.0017610486924,73.19415632476698,951,298,456.66919423963316,157.78939754187817,302.63781749239126,0.7488735659205064,2710995.993321632,454017.6736761648,22309634.92969532,378.0918232743155,43799115.75551827,2380386.7258433844,408059.2077972252,6651592.0291917855,1205433.0914649402,38324226.28607848,3041605.2607998797,986012.4632081871,16738647.843613027,1935.897845940687,1,1,1,23678,49529,409.8354776441628
53,19.45917015031812,5,254,56,40,50.939090292444604,0.32478718379303295,0,0,0,0,13052.97183990385,256.9482645650364,3891.8340300636237,167.74054471977334,7337.424395927233,3.512294971708812,19459.170150318118,3891.8340300636237,448.8565396205024,5947.051111378519,2.9115702343972267,0,0,0,0,0,0,0,1,1808,0,50.939090292444604
443,91.73827190452482,15,645,52,40,43.04994339139623,0.9412484257783236,0,0,0,0,7030.871484817958,163.50863918181298,6115.8847936349885,1034.0168538845644,7470.407652221238,1.6658347920490224,91738.27190452482,6115.8847936349885,101.79764811337833,12012.725552700696,2.209497274096406,0,0,0,0,0,0,0,1,1593,0,43.04994339139623
443,39.8523996330493,4,220,61,40,55.157382914363644,1.7310934241811422,0,0,0,0,5520.370216742372,100.37036757713403,9963.099908262326,870.2941086632432,17189.634517093986,1.7713050440040061,39852.3996330493,9963.099908262326,1265.9290706878335,13391.447254358722,0.5582074890345251,0,0,0,0,0,0,0,0,2007,0,55.157382914363644
80,66.90363970051747,10,567,69,40,56.780553384506476,3.7311252913380004,0,0,0,0,8474.875246519876,149.46869923315478,6690.363970051748,1186.2300446305899,12486.924465246766,1.4376761542754668,66903.63970051748,6690.363970051748,221.12676435156592,9094.722777833329,4.106957022382298,0,0,0,0,0,0,0,1,1647,0,56.780553384506476
53,91.95005507903228,9,445,60,40,49.54514625781495,4.691256847545895,0,0,0,0,4839.583832957105,97.8792235878965,10216.672786559144,118.83810192635018,14391.191576577534,2.11314526184631,91950.05507903229,10216.672786559144,770.1130205009583,16338.125040452785,3.823977916372558,0,0,0,0,0,0,0,1,798,0,49.54514625781495
53,37.637315930490445,15,771,62,40,51.44238155565118,2.929822966631016,0,0,0,0,20484.988924924997,398.54064056274314,2509.15439536603,156.2352442215057,4069.0349054256103,0.7282397670152829,37637.31593049045,2509.15439536603,377.7976573241373,4764.757274102165,0.9817956440441422,0,0,0,0,0,0,0,1,1651,0,51.44238155565118
443,38.6229309318422,12,522,60,40,43.553333100262634,6.609727187590552,0,0,0,0,13515.287095150086,310.69625506092154,3218.577577653516,636.7416623229565,6431.00796201851,3.7899078694186104,38622.930931842195,3218.577577653516,561.2352216866118,3919.130880441666,3.4042092860600293,0,0,0,0,0,0,0,0,2023,0,43.553333100262634
443,47.10805594202402,11,616,52,40,56.00156228206791,0.30939793256366066,0,0,0,0,13076.319701201688,233.50570895003014,4282.550540184002,690.9721545365904,6251.930411915159,4.237935965523087,47108.055942024024,4282.550540184002,660.6846713664617,8114.147444755966,3.1415345465707984,0,0,0,0,0,0,0,0,799,0,56.00156228206791
19689,37.305214283168596,3,138,60,40,58.36352266178878,1.7083996980254939,0,0,0,0,3699.214778730355,80.41771258109468,12435.071427722864,0,37305.21428316859,0,37305.21428316859,12435.071427722864,0,37305.21428316859,0,0,0,0,0,0,1,0,0,3787,0,48.198270672318465
63487,45.92906452078851,3,126,60,40,48.75372140134771,2.8533579922261683,0,0,0,0,2743.360904791989,65.31811678076164,15309.68817359617,0,45929.06452078851,0,45929.06452078851,15309.68817359617,0,45929.06452078851,0,0,0,0,0,0,1,0,0,5149,0,40.071222284614144
16824,11.70759633756354,3,132,60,40,43.1406440454127,4.8982402139940024,0,0,0,0,11274.73105444208,256.2438876009563,3902.53211252118,0,11707.59633756354,0,11707.59633756354,3902.53211252118,0,11707.59633756354,0,0,0,0,0,0,1,0,0,7968,0,46.40106939684233
25914,18.899942526139867,1,47,60,40,50.07983977845477,0.12784908878372414,0,0,0,0,2486.780048933794,52.91021380710201,18899.94252613987,0,18899.94252613987,0,18899.94252613987,18899.94252613987,0,18899.94252613987,0,0,0,0,0,0,0,0,0,6006,0,55.93085350616451
28768,33.01459022916743,3,156,60,40,41.84738084987283,2.195788252618167,0,0,0,0,4725.183590562288,90.86891520312092,11004.863409722477,0,33014.59022916743,0,33014.59022916743,11004.863409722477,0,33014.59022916743,0,0,0,0,0,0,1,0,0,4659,0,42.03525674425038
24935,44.048238861002076,3,156,60,40,42.109351975779965,4.684586838096953,0,0,0,0,3541.5717866103823,68.10714974250735,14682.746287000693,0,44048.23886100208,0,44048.23886100208,14682.746287000693,0,44048.23886100208,0,0,0,0,0,0,0,0,0,6463,0,44.521407508320564
35800,15.511337842765132,2,110,60,40,48.10971787690168,0.9131025893777572,0,0,0,0,7091.586884061499,128.93794334657272,7755.668921382566,0,15511.337842765131,0,15511.337842765131,7755.668921382566,0,15511.337842765131,0,0,0,0,0,0,0,0,0,3196,0,47.804640022712455
21105,27.904723987083102,2,94,60,40,55.49393900833168,0.6298155004193706,0,0,0,0,3368.605259937777,71.67245233910164,13952.361993541552,0,27904.723987083104,0,27904.723987083104,13952.361993541552,0,27904.723987083104,0,0,0,0,0,0,0,0,0,2942,0,50.96879262983002
57187,36.602862778212256,2,96,60,40,45.58338783143401,2.3136944233674654,0,0,0,0,2622.7456737931357,54.64053487069033,18301.43138910613,0,36602.86277821226,0,36602.86277821226,18301.43138910613,0,36602.86277821226,0,0,0,0,0,0,0,0,0,6125,0,56.42286439172393
48030,37.233734482155235,1,56,60,40,55.17054473064178,2.184076464920903,0,0,0,0,1504.0124440603386,26.857365072506045,37233.73448215523,0,37233.73448215523,0,37233.73448215523,37233.73448215523,0,37233.73448215523,0,0,0,0,0,0,0,0,0,2553,0,59.07566418021289
22,387.96890208880916,8,887,148,40,110.9741359872684,12.239345596519067,85,44,55.800467911656185,24.06939216546818,2863.618587889955,30.93031409319787,32330.7418407341,5416.808548089472,80454.851137154,23.890948571683843,232781.3412532855,35563.816024807515,8764.588235462379,61612.141751816984,22.916541940934938,155187.56083552368,29097.66765666069,9397.205210024611,48623.18824322956,41.65356929364435,1,1,1,15317,11439,83.38730194946228
8000,2030.6811895809446,24,33237,1332,267,1384.90665805956,202.23302219303665,702,156,587.6108636988513,126.97512711231975,17814.620186337084,14.280922159910535,70023.48929589464,62794.94830510726,423479.7392026221,272.0930967808537,1421476.8327066612,91030.53608466304,92600.93472139299,374309.83904964855,205.04104774186249,1015340.5947904723,77025.83822548411,93473.69891593505,336087.63932632137,261.70709673743187,1,1,1,65535,62278,986.2587608792056
8000,6624.753462761006,20,18469,1304,215,923.4603865651287,133.26773531007072,408,281,683.9222794077713,256.92318429509095,3820.282621480749,4.528470405523116,220825.11542536685,272739.02074047015,1805902.2153579146,477.583739161854,4637327.423932703,287072.6500529769,274905.6144166058,1580825.6766464023,483.40807699487624,3312376.7313805027,242907.62696790355,126056.38294900567,1086422.5720351595,355.8206914968947,1,1,1,65535,21273,803.69133298645
8000,3676.2552327951407,15,13496,1085,404,899.7660887426348,318.6137230132201,1036,147,724.6957500847649,110.3435329112232,8008.094098140351,10.064589550238615,99358.24953500381,112939.59630317608,761658.6207339991,339.3911927009351,2573378.662956598,129165.72439550495,164395.79973556823,665420.185336774,382.7670739356372,1838127.6163975704,109294.0744885042,31567.076527939815,345802.47655807773,446.09015362792127,1,1,1,65535,39705,812.2309194136999
80,11744.076461101391,23,30275,1390,479,1316.3430990434422,127.67694319548036,736,202,457.6277601383345,275.8657638624941,2967.638110567443,2.8099272096279564,355881.1048818603,199741.28048851868,3158554.698454919,177.39720704825817,8220853.522770973,462645.4363464184,500459.7342529974,2476690.342766427,152.75416865979406,5872038.230550695,391469.2153700464,421974.4574511952,1698258.371806155,55.84253399159869,1,1,1,65535,63214,886.9854295908883
8000,7887.3586498360055,12,13689,1145,486,1140.800949932516,125.1436300439323,1100,144,657.6612220759657,209.19229664006443,3236.5097784780387,3.803554691991059,262911.9549945335,155974.5524520974,1789719.108805606,469.1713265125773,5521151.054885204,341785.5414928936,251745.34959769773,2590871.5922950073,173.10549545072485,3943679.324918003,289203.1504939869,104614.84245903333,1019051.9624965407,296.2805666385415,1,1,1,65535,52956,899.2310860042409
80,7477.020407930879,51,46700,1275,233,915.6947061956708,314.1487887460079,509,227,681.2098924006398,291.858359089886,8341.325038385596,9.896990507275888,101040.81632339026,171432.18427594908,505763.5991994156,219.39401189746064,5233914.285551615,131353.06122040734,191626.53540635825,849804.4590923352,209.228457783018,3738510.2039654395,111144.89795572929,42123.291161668036,627118.8069979372,174.41640082174027,1,1,1,65535,33049,798.4522992981554
80,13313.49994905395,40,22474,1375,203,561.8674789028597,300.86124313308153,1028,109,696.450476449824,155.05390636493036,2577.4107024501664,4.281368552080131,233570.17454480616,402787.29024585354,1917220.0926177823,91.09873199419002,9319449.964337764,303641.22690824803,340949.5591779297,1359683.2514917473,478.9637910236309,6656749.974526975,256927.1919992868,74310.70835837623,1471385.8360453441,131.03623429133694,1,1,1,65535,56998,629.1589776763419
8000,7369.713486056085,25,32447,1033,247,1297.9053737448205,104.82512891889364,652,242,455.3529223065707,215.5658833647052,5762.150552353495,6.377452812640093,156802.41459693798,148100.81183590525,1052362.3485579926,121.36152980333573,5158799.440239259,203843.13897601937,215683.88792740816,1010757.0985592492,147.56883080067166,3684856.7430280424,172482.6560566318,208401.60656298863,1159120.1829072093,375.79370635457815,1,1,1,65535,45177,876.6291480256956
80,10556.113642013395,39,27170,1192,318,696.6807394203502,273.9562410930011,798,248,317.2820344928173,180.84408517682692,2754.2561619112275,4.262932507746007,234580.30315585324,247234.9584417317,1191602.770208304,172.87995948067766,7389279.549409376,304954.3941026092,125640.31784242448,1279493.5366930545,388.8071782432271,5278056.821006698,258038.3334714386,299779.5150807444,1232989.8726448442,222.8418778027445,1,1,1,65535,35639,506.9813869565837
8000,6052.582423355439,49,30410,1260,237,620.6170616808917,200.4613781668396,601,154,405.32028466159846,158.13135132815336,5827.938716239337,10.078342719401206,99222.66267795801,88760.4228856208,475802.7795600085,243.63150894002146,4236807.696348807,128989.46148134542,123619.03413309925,956708.1199789703,473.77863646003874,3026291.2116777194,109144.92894575383,98634.36694756178,619473.1667974083,446.82765673981555,1,1,1,65535,56890,512.9686731712451
8443,43187.8102426163,8,1222,443,91,152.8310461817486,79.37675568458269,603,213,637.1766972588466,223.65405118865175,131.58539917493275,0.34732022567790427,5784081.728921827,2635510.2237074077,41738145.62630033,830.6041457313122,34550248.19409304,5398476.280327038,359422.8709251898,13082100.850418601,2857300.6513435203,30231467.16983141,6169687.177516615,1504650.6883501466,31383277.371541094,2743.7923294705934,1,1,1,16703,17608,395.00387172029764
4444,14435.641767143028,20,2724,387,136,136.23594176215693,32.932054152360045,968,238,560.9122417512928,214.31424673456493,927.0146519551763,2.701646426885427,740776.3538402343,148091.80184608782,2651542.7332551214,235.61736567463055,11548513.413714424,721782.0883571514,131859.94296066923,1670449.3926702216,592491.4141532263,10104949.237000119,759770.6193233173,122873.4465950483,6673054.694261176,4298.177434710436,1,1,1,16065,23835,348.57409175672484
1337,59736.718873915175,14,4143,440,135,295.9378498377105,41.0623555637582,710,204,477.0031986885626,140.57293612360297,133.23723895910052,0.3682826980577032,5866999.175116669,1266874.3304420915,53715458.63466665,919.0428281097504,47789375.09913214,4266908.490993941,849604.4327453814,8132632.69766085,3541762.5516320267,41815703.21174062,7467089.859239397,1811912.8659927403,44921404.3120918,1474.8023903025826,1,1,1,22374,58955,386.47052426313655
8443,29898.91321135067,14,5159,420,147,368.5581865630461,61.09317409876798,1099,227,307.72297398971193,144.0288773126426,337.2491208774115,1.0033809519407868,2002159.3668315182,575799.0887529062,13342933.189504122,319.8484142721263,23919130.56908054,2135636.6579536195,337021.4134450736,5455302.678249076,1289871.613825382,20929239.24794547,1868682.075709417,697864.8949910845,8153729.750506465,3727.2653153006872,0,1,1,17239,62597,338.140580276379
1337,41801.57235606859,15,2721,385,139,181.4069363909366,79.2176201262107,1146,323,861.9033909070965,183.93720921644848,456.85526636240076,0.8133665334496446,2493427.122993565,821411.2731982423,16494424.19701492,921.0618863535628,33441257.88485487,2786771.490404573,489475.71096987405,8278111.62897919,1605529.718250245,29261100.64924801,2200082.7555825575,546722.1573679374,19105503.89339105,2578.337882050964,1,1,1,27081,28680,521.6551636490166
443,20603.520955135966,5,1848,344,118,369.6931011160554,60.77497576853306,1111,362,647.8096379574027,84.22492271734313,624.224829283372,1.0677786601574002,2666338.0059587723,1061256.0354449698,8366624.5258130105,834.8499502186091,16482816.764108775,4120704.1910271933,803865.7362027172,6746433.917740883,2484971.368163161,14422464.668595176,1211971.820890351,208955.76756521518,10022201.193730133,706.8783550256701,1,1,1,22472,27665,508.75136953672904
443,10241.11312394099,23,4698,396,110,204.27095382963802,62.93370734879184,865,248,486.1411318468005,141.6242624426943,1265.744360266279,3.9058254230676033,523842.1035263933,95079.56325110054,2633571.215557577,975.3859651375059,8192890.499152792,445265.7879974343,67240.68148395712,1273761.8319260282,387683.01294316637,7168779.186758692,602418.4190553523,71086.31503771112,5202256.402590616,1071.7777842222376,0,1,1,19586,16046,345.2060428382192
4444,50915.38006499986,16,1896,423,100,118.55008628556698,37.646688794982424,915,202,843.8617229427687,220.21789874326512,352.15634438143377,0.6874150788095487,2930984.0497943996,762419.0516764554,10927645.59530542,101.7461246511974,40732304.05199989,3182211.254062491,556285.1155868889,8678229.324235069,1890597.181755135,35640766.0454999,2679756.8455263083,299573.9113081192,19091577.532786153,4213.709703249413,1,1,1,30636,50698,481.2059046141678
53,94.35531667865943,13,548,65,40,42.205644350790074,2.1682525400638912,0,0,0,0,5807.833827385612,137.77707984673896,7258.101282973803,1204.3847243899627,11406.297882678837,0.5159999936511744,94355.31667865944,7258.101282973803,1265.0932625530354,9682.802974084228,1.6287125634588966,0,0,0,0,0,0,0,0,743,0,42.205644350790074
53,43.97344076966936,14,687,51,40,49.10584911862311,7.740322260966869,0,0,0,0,15623.066741546812,318.3739947331228,3140.9600549763827,458.2144139339371,4670.936528302964,0.8636357649151599,43973.44076966936,3140.9600549763827,267.35219192427115,6048.385053457431,2.313644183395769,0,0,0,0,0,0,0,0,1909,0,49.10584911862311
53,15.24985046501966,13,617,54,40,47.496884855767156,5.3508746262270535,0,0,0,0,40459.41312115053,852.4673753240793,1173.0654203861277,46.77415374699528,1793.7824727961713,0.011396210070903079,15249.850465019661,1173.0654203861277,46.63532659092415,1922.3867719489529,0.9904197284309713,0,0,0,0,0,0,0,1,1758,0,47.496884855767156
53,64.6374229582897,8,365,70,40,45.74197902681402,4.571110070515477,0,0,0,0,5646.88354353999,123.76731054334223,8079.677869786213,265.928547525329,13495.892791236613,0.5136502535751458,64637.4229582897,8079.677869786213,513.3438668503352,14713.385121077235,3.3329477400276124,0,0,0,0,0,0,0,1,1622,0,45.74197902681402
443,17.28471384770657,10,572,68,40,57.26457964704082,2.350620993351437,0,0,0,0,33092.824390372894,578.545880950575,1728.471384770657,126.88568567764781,3160.7400779511927,1.737786502267078,17284.71384770657,1728.471384770657,239.09970871100003,2838.010842951761,1.3842917310344172,0,0,0,0,0,0,0,1,543,0,57.26457964704082
443,55.30411122505773,4,234,50,40,58.56590146944282,0.6227839369892063,0,0,0,0,4231.150177022951,72.32735345338378,13826.027806264432,219.84582851963944,27005.57096949668,3.0051482264082683,55304.11122505773,13826.027806264432,2202.7641937724457,22694.569367049957,0.9799211317877821,0,0,0,0,0,0,0,0,1604,0,58.56590146944282
53,41.325067599128005,7,362,68,40,51.75044672751994,4.528240236373655,0,0,0,0,8759.816281767886,169.3887126308707,5903.581085589715,597.7620286763596,9519.65846510841,0.8226637635508233,41325.06759912801,5903.581085589715,396.54843015380476,11265.479671940353,0.5294140739157732,0,0,0,0,0,0,0,0,973,0,51.75044672751994
443,27.64787840557574,10,405,67,40,40.5027368820386,7.646629142391159,0,0,0,0,14648.501923327462,361.6914055142583,2764.787840557574,462.80152406897264,5297.061692765634,0.7868499645390925,27647.87840557574,2764.787840557574,40.49742234217756,4013.3679270170974,4.653390394220731,0,0,0,0,0,0,0,1,1974,0,40.5027368820386
80,86.88734361851702,3,161,56,40,53.761199485345216,4.41167318127296,0,0,0,0,1852.9741305808368,34.52746827169261,28962.44787283901,733.154433616144,54511.61754724499,4.463489451412937,86887.34361851703,28962.44787283901,4186.38788519866,48541.09060562214,1.2892853783504976,0,0,0,0,0,0,0,0,1400,0,53.761199485345216
443,16.238275914835096,9,484,50,40,53.808087257029996,7.926418538265657,0,0,0,0,29806.11996855056,554.2460324730476,1804.2528794261218,198.87272563615872,3480.8612628300684,1.6849220458005392,16238.275914835096,1804.2528794261218,8.830548891136704,2215.402323728469,4.108911198944835,0,0,0,0,0,0,0,0,1235,0,53.808087257029996
7525,37.540924958211825,3,135,60,40,59.28576753342038,3.8400510233084195,0,0,0,0,3596.07548695919,79.9127885990931,12513.641652737277,0,37540.92495821183,0,37540.92495821183,12513.641652737277,0,37540.92495821183,0,0,0,0,0,0,0,0,0,4451,0,58.68691481209933
6751,16.917561682068623,3,165,60,40,52.916659139185455,4.566711620510389,0,0,0,0,9753.178566795943,177.33051939628987,5639.187227356208,0,16917.561682068623,0,16917.561682068623,5639.187227356208,0,16917.561682068623,0,0,0,0,0,0,0,0,0,4129,0,58.99243981310124
31058,18.948865842617614,3,168,60,40,41.63577616493714,4.102704553019872,0,0,0,0,8865.965984209655,158.320821146601,6316.288614205871,0,18948.865842617615,0,18948.865842617615,6316.288614205871,0,18948.865842617615,0,0,0,0,0,0,0,0,0,1927,0,42.492544421425364
34395,31.607638283522867,3,180,60,40,43.103545009940156,3.317998759728366,0,0,0,0,5694.825990647786,94.91376651079644,10535.879427840957,0,31607.63828352287,0,31607.63828352287,10535.879427840957,0,31607.63828352287,0,0,0,0,0,0,0,0,0,1294,0,45.15076286129383
54093,3.7682550177444005,2,92,60,40,59.36234767324312,0.4554890535402606,0,0,0,0,24414.48351207114,530.7496415667639,1884.1275088722002,0,3768.2550177444004,0,3768.2550177444004,1884.1275088722002,0,3768.2550177444004,0,0,0,0,0,0,0,0,0,5905,0,51.8783639625469
13064,19.149573284907998,1,48,60,40,46.05589029695875,4.250945505190012,0,0,0,0,2506.583268768154,52.22048476600321,19149.573284907998,0,19149.573284907998,0,19149.573284907998,19149.573284907998,0,19149.573284907998,0,0,0,0,0,0,1,0,0,1909,0,40.996602654372026
54790,17.208297848250027,2,90,60,40,56.977757269297925,2.7833068481443295,0,0,0,0,5230.034997863105,116.22299995251345,8604.148924125013,0,17208.297848250026,0,17208.297848250026,8604.148924125013,0,17208.297848250026,0,0,0,0,0,0,1,0,0,2298,0,47.97799943950074
42708,11.626149645113944,2,118,60,40,43.981381025643856,4.579647405081106,0,0,0,0,10149.53390433876,172.02599837862303,5813.074822556972,0,11626.149645113945,0,11626.149645113945,5813.074822556972,0,11626.149645113945,0,0,0,0,0,0,0,0,0,3894,0,56.77275988378914
24029,30.059172187324247,1,55,60,40,47.965559328181406,2.7233369731561767,0,0,0,0,1829.7243735538775,33.26771588279777,30059.172187324246,0,30059.172187324246,0,30059.172187324246,30059.172187324246,0,30059.172187324246,0,0,0,0,0,0,1,0,0,5323,0,46.86430845024073
22,269.3230830016819,6,405,120,54,67.59806951105911,12.534010183318463,87,57,73.10091509376858,7.185399820837444,2048.804139266614,29.704100780511414,33665.38537521024,5231.813594581371,60196.93120113279,37.19548836298763,161593.84980100914,37031.92391273126,4087.0255762743072,56804.66097904314,30.052108007207085,107729.23320067277,30298.846837689212,9486.643620662002,66107.53530183066,11.778513115639527,1,1,1,14359,10750,70.34949230241384
22,344.5058306711116,7,413,128,51,59.11718254841895,5.574498911104692,111,56,64.59015591331381,16.110040094638947,1951.145210467851,31.929793404574735,31318.711879191964,8046.434207271888,64640.74320127286,12.885949480898976,206703.49840266694,34450.58306711116,5304.883236399348,72931.48492260925,15.019400448850993,137802.33226844465,28186.84069127277,8935.928572849178,72825.52052903699,27.141192327293684,1,1,1,9609,10929,61.85366923086638
22,286.1385444173187,6,476,88,53,79.37035773142799,6.103968229576341,103,42,57.5590887047231,5.558044154122717,2468.9386137965603,34.948105367501626,28613.85444173187,3381.1198550153867,79966.35049851619,35.42627064678614,171683.12665039123,31475.23988590506,7541.639002083725,70172.18731427443,20.222762665123,114455.4177669275,25752.468997558684,6532.6101145821785,61970.200971519174,18.963649626846887,1,1,1,14489,14319,68.46472321807555
80,10199.716756119979,59,35349,1321,376,599.137286503274,265.6802957402508,1089,225,559.5090753780707,162.27524585467245,4891.933477817851,8.333564748158205,119996.66771905856,213222.92960111797,1180496.602584963,217.79831309913138,7139801.729283984,155995.66803477614,227194.15299343446,823541.530659133,312.9348685111847,5099858.378059989,131996.33449096442,156422.27783397835,586052.5015486839,154.18586586388443,1,1,1,65535,56967,579.3231809406724
8080,14401.648897017983,18,20010,1233,255,1111.7214295788654,276.33232216078767,1102,267,403.5003222420048,158.94810985026666,1529.5809182093612,1.597039350456766,626158.647696434,571177.0404474939,4408724.742450291,132.23269848136255,10081154.227912588,814006.2420053643,429725.8883603781,4681752.129833378,360.7971083559968,7200824.448508992,688774.5124660775,812354.0342480682,4295513.460291961,317.29375352571844,1,1,1,65535,26652,757.6108759104351
8000,4753.120927541982,45,51652,1414,460,1147.8304008621858,120.5861490692899,438,147,323.9775886730391,243.97749794075102,12025.780096404911,13.044061143225012,76663.24076680616,82057.9991886066,473858.5648507732,346.4178144934027,3327184.6492793877,99662.21299684801,126542.08180728956,517248.88075581513,349.0278535208986,2376560.463770991,84329.56484348679,48482.414764458816,475323.57136369887,313.9296036832258,1,1,1,65535,31659,735.9039947676124
80,8568.217998596383,47,51438,1180,414,1094.4414374736298,112.95084412016834,480,155,582.6824611764006,220.02546178153008,7499.547947737547,8.053016392825597,124177.07244342584,194394.47165383532,652164.6482847917,305.94399012849436,5997752.599017468,161430.1941764536,111120.00953898915,686689.8985356494,461.2821614655426,4284108.999298192,136594.77968776843,84037.23361611932,599745.4073779784,170.537468240296,1,1,1,65535,64376,838.5619493250151
8080,7067.475496716739,31,39891,1316,314,1286.8362819379247,254.31080764113017,406,145,471.01775993868995,279.18189270782136,7443.87501348402,8.206607865417352,121853.02580546103,133025.57164857638,968705.5486420859,375.8897659777833,4947232.847701717,158408.93354709935,209936.4874317169,1194002.4459003748,159.05661123715186,3533737.74835837,134038.32838600714,164683.0276232527,645120.4685243674,446.7238304811211,1,1,1,65535,26377,878.9270209383074
80,12239.472466719917,24,24800,1050,377,1033.365079859471,300.02050715591173,1083,152,502.9290905046694,103.77915007874851,2765.926851648356,3.431520444545407,291416.011112379,191461.05198979215,2217400.7175950143,292.6764593120128,8567630.726703942,378840.81444609276,401777.1681136214,2148542.2095337156,465.4508335226144,6119736.233359959,320557.612223617,261184.824540382,2163003.155637601,219.9527478314932,1,1,1,65535,16978,768.1470851820702
8080,8378.303800373553,22,18149,1091,488,824.9652742816801,131.42036314743757,1160,147,570.0074283417871,119.4533544444765,3730.9946775461094,5.371015550664759,186184.52889719006,173109.39659196878,796302.0909290933,305.5956062339201,5864812.660261487,242039.88756634708,174146.60517944442,1075583.875285714,376.3657896021291,4189151.900186776,204802.98178690908,240553.89601802832,1360768.1663818539,292.2992382091327,1,1,1,65535,53929,697.4863513117336
80,14463.048573963717,48,47534,1017,346,990.3065885583394,214.76884545650486,800,175,740.9050987147626,200.04097919961845,3952.5887119678855,4.217644688673161,237099.15695022486,216092.8273735901,1739248.9902536385,449.53064248104664,10124134.001774602,308228.90403529233,265645.498396297,1812825.5230947426,347.76215556779215,7231524.286981858,260809.07264524736,243414.97893004905,1602004.985881667,269.24897973885464,1,1,1,65535,30508,865.6058436365511
8000,4614.759033281817,28,28752,1117,267,1026.8892115909198,203.51530133018787,502,166,774.9526999730175,118.5970577694041,10093.010206602647,11.051497950854218,90485.47124081994,168689.46722806478,393123.01834187726,342.530784796313,3230331.323297272,117631.11261306592,170891.88773829045,551384.781662517,283.099047304922,2307379.5166409086,99534.01836490195,114798.70617533346,609361.4288653873,387.22640228306636,1,1,1,65535,44431,900.9209557819686
443,21263.39227485601,5,638,490,89,127.62086924853001,57.011161636441734,959,386,417.422739071176,203.62142799386203,167.42688437115757,0.5643502149085599,3645152.9614038877,665872.2341386813,19625088.459996168,411.0252927754405,17010713.81988481,4252678.454971203,752562.8586239668,8768087.287837876,2599697.9535877667,14884374.592399208,3037627.4678365733,639021.4162149061,12148871.573096154,1604.699034174395,1,1,1,13076,57089,272.521804159853
4444,52973.33022175553,18,6451,346,144,358.428218121301,43.48674513789099,966,255,874.598578483664,91.68573667215648,237.36279978873432,0.4719355927850047,5255290.696602732,1441370.1622816587,38738120.604243964,512.7566839672411,42378664.17740443,2942962.7900975295,349975.49171894137,8534585.975270381,1885053.5129574554,37081331.15522887,7567618.603107934,2259342.7286991607,37524586.477153696,4302.764722453262,0,1,1,15819,63752,616.5133983024825
443,27539.692654516093,10,3687,427,147,368.7411205953523,51.948116380009,670,331,798.8205842410227,91.14148087586398,452.9621223118172,0.7625357429889952,2628788.844294718,307831.90428990556,17893606.090412546,935.7425301008467,22031754.123612877,2753969.265451609,146122.9104748362,6478196.756708248,2174161.0000191336,19277784.858161263,2503608.423137827,987104.8976695245,21110085.87436907,4162.069714568228,1,1,1,15446,54930,583.7808524181876
443,46914.3103766793,18,5052,344,137,280.67100133601286,66.70220523824173,683,324,479.39961511274595,99.92676189130081,179.21771123415974,0.5328864433745847,4654197.458003899,886856.2299062351,49657336.992117554,992.301636643119,37531448.30134344,2606350.5764821833,518648.11381047504,5261481.326278276,1427842.8761683747,32840017.263675507,6702044.339525615,1343664.5833141133,21522078.26284542,846.1974544121654,1,1,1,19503,40767,380.0353082243794
8443,51823.292942328015,15,2010,476,142,134.03248558691837,38.81993068063335,782,381,453.7114083696738,167.00628125919613,152.60966919664557,0.5402975845467797,3720646.672782524,1543381.5045627244,22033394.83016178,968.1077422917904,41458634.35386241,3454886.1961552007,404706.3359912876,6282195.818727859,2259631.009136853,36276305.059629604,3986407.1494098473,761302.7938933019,32078739.952121504,4004.167706088861,0,1,1,11660,38505,293.8719469782961
